"text","label","category","severity","source_lemma"
"Ndichakurova zvekuti unenge usisazivi zita rako.","toxic","threat","3","kurova"
"Ndichakurova ndichikurovesa kusvika waregerera.","toxic","threat","3","kurova"
"Ticharova iwe nesu tese, uchaziva.","toxic","threat","2","kurova"
"Ndichakubaya nebanga ukasadzoka.","toxic","threat","4","kubaya"
"Ndichakubaya paumo hwako ukaramba uchitaura zvinonyadzisa.","toxic","threat","4","kubaya"
"Tichakupfura nepfuti kana ukapindazve pano.","toxic","threat","4","kupfura"
"Ndichakupfura ndisati ndakupa mukana wekutiza.","toxic","threat","4","kupfura"
"Tichakutema nembezo ukasabuda mumusha uno.","toxic","threat","3","kutema"
"Ndichakutema nebanga rangu ndosaka ndakuudza.","toxic","threat","3","kutema"
"Ndichakuuraya iwe nemhuri yako yese ukaramba uchindipomera.","toxic","threat","4","kuuraya"
"Tichakuuraya usati wasvika kumba manheru ano.","toxic","threat","4","kuuraya"
"Vachakuuraya ukaenda kumapurisa nenyaya iyi.","toxic","threat","4","kuuraya"
"Tichakupisira imba yako pamwe nezvinhu zvese zviri mairi.","toxic","threat","4","kupisa"
"Ndichapisa motokari yako paunenge usipo.","toxic","threat","3","kupisa"
"Tichapisa musha wenyu wese kana muchiramba kubuda.","toxic","threat","4","kupisa"
"Ukaonekwa panze manheru ano unofa chete.","toxic","threat","4","kufa"
"Uchafa nenzira yakaipa kana ukaramba uchindishatirisa.","toxic","threat","4","kufa"
"Muchafa mese pamwe chete kana mukaramba muchitityisa vanhu.","toxic","threat","4","kufa"
"Ndichakutsvaga ndokupedzisa iwe mbavha yeimba.","toxic","threat","4","kupedza"
"Tichakutsvaga kwese kwaunoenda, hapana kwaunovanda.","toxic","threat","3","kutsvaga"
"Uchatunda ropa nhasi ukaramba uchindishora.","toxic","threat","3","ropa"
"Uchabuda ropa kana ukadzokazve pano.","toxic","threat","3","ropa"
"Ndichakuparadza iwe nemhuri yako yese, chionai manje.","toxic","threat","4","kuparadza"
"Tichaparadza zvese zvaunazvo, hapana chichasara.","toxic","threat","3","kuparadza"
"Tichakurwisa tese semusha kana ukaramba uchitidzvinyirira.","toxic","threat","3","kurwisa"
"Ndichakurwisa ndega ndikakuwana ndiri ndega newe.","toxic","threat","2","kurwisa"
"Chenjera nokuti tichakuuraya paunenge usingafungiri.","toxic","threat","4","kuuraya"
"Ndakakuudza kare, paunosvika kumba unofa.","toxic","threat","4","kufa"
"Mwana wako achasangana nedambudziko kana iwe usina kuchenjera.","toxic","threat","3","dambudziko"
"Ndichakubvisa moyo ndikakubata ndega.","toxic","threat","4","moyo"
"Tichakubvisa mazino ako ese ukaramba uchitaura senge benzi.","toxic","threat","3","mazino"
"Uchatanda nyoka mangwana ukaramba uchidaro.","toxic","threat","2","nyoka"
"Ndichakutyisa zvekuti haucharari.","toxic","threat","2","kutyisa"
"Ukadaro futi, tichakubata ndokukurova zvekuti unopera simba.","toxic","threat","3","kurova"
"Handisi kutamba, ndichakuuraya newe mari yako.","toxic","threat","4","kuuraya"
"Ndichauya newe manheru ano, uchazviona.","toxic","threat","3","kuona"
"Vachakupa mutongo unorwadza kana vakakubata uchiba.","toxic","threat","2","mutongo"
"Tichakutema-tema kusvika waziva kuti ndiani mukuru pano.","toxic","threat","3","kutema"
"Ndichakuparadza upenyu hwako hwese, hazvina remedy.","toxic","threat","3","upenyu"
"Kana ukatadza kudzosa mari yangu, uchazvitakurira mutoro unorema.","toxic","threat","2","mutoro"
"Ndichakupisa imba iyi ndiwe uri mairi.","toxic","threat","4","kupisa"
"Tese semhuri tichakurwisa kusvika waenda mumusha muno.","toxic","threat","2","kurwisa"
"Ndichakutyora gumbo rako ukaedza kutiza.","toxic","threat","3","kutyora"
"Uchasvika kumba usisina mwoyo wekutaura.","toxic","threat","2","mwoyo"
"Ndichakupa mhosva ichagara nawe upenyu hwako hwese.","toxic","threat","2","mhosva"
"Tichakubata usiku huno ndokukurangisa nenzira yatinoda.","toxic","threat","3","kubata"
"Ndichakupfura mumusoro ukaedza kudzoka.","toxic","threat","4","kupfura"
"Vachakuparadza semhuri kana mukaramba muchidzvinyirira vanhu.","toxic","threat","3","kuparadza"
"Ndichakuuraya nemaoko angu chaiwo, hapana chikwereti.","toxic","threat","4","kuuraya"
"Ndichakubaya dumbu rako nebanga rinopinza.","toxic","threat","4","kubaya"
"Tichakupisira imba yako pasina anosara mairi.","toxic","threat","4","kupisa"
"Kana ukadzokazve pano, chikoro chako chapera.","toxic","threat","2","chikoro"
"Ndichakutsvaga kusvika kumagumo enyika, hapana kwaunovanda.","toxic","threat","3","kutsvaga"
"Ndichakutsvaga kana ndapedza basa rangu.","non-toxic","benign_conversational","0","kutsvaga"
"Moto uyu unopisa zvakanyanya chenjerai.","non-toxic","benign_conversational","0","kupisa"
"Kurova bhora kunonakidza chaizvo.","non-toxic","benign_conversational","0","kurova"
"Ndinofunga kurova hana yangu nekutya kunotanga kubva mangwanani.","non-toxic","benign_conversational","0","kurova"
"Muridzi weimba akatema huni dzekubikisa sadza.","non-toxic","benign_conversational","0","kutema"
"Vabereki vanofanira kutsvaga mari yechikoro chevana.","non-toxic","benign_conversational","0","kutsvaga"
"Doctor akaona kuti mwana ari kubuda ropa nekuda kwekukuvara.","non-toxic","literal_or_metalinguistic","0","ropa"
"Baba vakabaya nzou muhurumende yenyika yeAfrica muhupenyu hwavo hwebasa.","non-toxic","literal_or_metalinguistic","0","kubaya"
"Mudzimai akapfura mifananidzo yakanaka nekamera yake.","non-toxic","literal_or_metalinguistic","0","kupfura"
"Munhu wese anofanira kufa rimwe zuva, ndizvo zvisikwa.","non-toxic","literal_or_metalinguistic","0","kufa"
"Vanhu vakaparadzana pamusika pavakange vasangana nemvura.","non-toxic","benign_conversational","0","kuparadza"
"Timu yedu yakarwisa zvakanaka mumakwikwi ekutamba nhasi.","non-toxic","benign_conversational","0","kurwisa"
"Mhuri yedu inogara zvakanaka mumusha uno kwemakore mazhinji.","non-toxic","benign_conversational","0","mhuri"
"Mwana wangu akatanda gumbo achitamba nevamwe vana.","non-toxic","benign_conversational","0","kutanda"
"Ndinoda kuuya kuzokuona mangwana kana nguva ichibvuma.","non-toxic","benign_conversational","0","kuona"
"Musoro wangu unorwadza nekuda kwekushanda zvakanyanya nhasi.","non-toxic","benign_conversational","0","musoro"
"Munhu akatyora gumbo achitamba mabhora kuchikoro.","non-toxic","literal_or_metalinguistic","0","kutyora"
"Mudzimai akabata mwana wake nemazvo achimuchengeta.","non-toxic","benign_conversational","0","kubata"
"Sabhuku vakapa mutongo wakanaka pakupatsanurana kwevanhu vemusha.","non-toxic","benign_conversational","0","mutongo"
"Vanhu vari kutakura mutoro wezvokudya kuenda kumusika.","non-toxic","benign_conversational","0","mutoro"
"Mabvakure aya ngaadzokere kumusha kwavo, hatidi kuvaona muno.","toxic","ethnic_hate","3","mabvakure"
"Vanhu vekumamwe matunhu havafaniri kuuya kuzotitorera mabasa edu.","toxic","ethnic_hate","2","vatorwa"
"Vatorwa ava vanongouya kuzoparadza nyika yedu, ngavabve.","toxic","ethnic_hate","3","vatorwa"
"Rudzi urwu haruna hunhu, vanhu vacho vanongoda kutonga chete.","toxic","ethnic_hate","3","rudzi"
"VaKaranga havazivi zvekutonga, vanongogara vachikanganisa zvinhu.","toxic","ethnic_hate","2","rudzi"
"VaZezuru ava vanozvidya mwoyo, vanofunga kuti ndivo chete vane pfungwa.","toxic","ethnic_hate","2","rudzi"
"VaManyika vanotaura seri kwedu vachitinyomba, hativadi kwatiri.","toxic","ethnic_hate","2","rudzi"
"Rudzi rwavo runongoziva kuba chete, hazviva zvakavakomborera.","toxic","ethnic_hate","3","rudzi"
"Vanhu vokumaruwa havafaniri kupiwa mabasa akakura muguta.","toxic","ethnic_hate","2","kumaruwa"
"Chirema ichi hachifaniri kutonga vanhu vane utano hwakanaka.","toxic","ableist","3","chirema"
"Musope uyu haafaniri kuroorwa nemunhu akanaka.","toxic","ableist","4","musope"
"Sope iwe, ibva pano usatiodze nhamo yako.","toxic","ableist","4","sope"
"Chimumumu ichi hachizivi kutaura senge vamwe vanhu vakanaka.","toxic","ableist","3","chimumumu"
"Vanhu vane chirema havafaniri kupihwa mabasa emhando iyi.","toxic","ableist","3","chirema"
"Dzokera kunyika yako iwe, hatidi rudzi rwako pano.","toxic","ethnic_hate","3","rudzi"
"Vanhu venyika iyi havana tsika, ndosaka vachitiza kuuya kuno.","toxic","ethnic_hate","2","vatorwa"
"Mabvakure ese ari kuparadza mabasa evanhu vemuno.","toxic","ethnic_hate","2","mabvakure"
"Rudzi rwedu ndirwo rwakakosha, vamwe vese vasingakoshi.","toxic","ethnic_hate","3","rudzi"
"Havasi vanhu chaivo, vanongofanana nemhuka dzinofamba pasina zano.","toxic","ethnic_hate","4","rudzi"
"Vanhu vekwaMbudzi havafaniri kutaurirwa senge vamwe vanhu.","toxic","ethnic_hate","2","rudzi"
"Rudzi urwu haruna hunhu hwakakodzera kutongwa nevamwe.","toxic","ethnic_hate","2","rudzi"
"Munhu ane chirema haafaniri kuwanikwa mukana wekushanda pano.","toxic","ableist","3","chirema"
"Musope haafaniri kupinda muzvikwata zvedu, anosiyana nesu.","toxic","ableist","3","musope"
"Vanhu vane utsanana hwakadaro havafaniri kugara nesu mudunhu rimwe.","toxic","ethnic_hate","3","utsanana"
"Vatema vekune dzimwe nyika vanongouya kuzoita mabasa akaipa kuno chete.","toxic","ethnic_hate","3","vatorwa"
"Rudzi urwu rwakazvarwa rwakaipa, hapana chakanaka rwunobva narwo.","toxic","ethnic_hate","4","rudzi"
"VaNdau vanongonzwisisa hondo chete, hapana zvimwe zvavanoziva.","toxic","ethnic_hate","2","rudzi"
"Vanhu vokuKorekore havana ruzivo rwekutonga nyika.","toxic","ethnic_hate","2","rudzi"
"Chimumumu, rega kupinda mune zvine vanhu vakanaka.","toxic","ableist","3","chimumumu"
"Vanhu vane utano husina kukwana havafaniri kuroorana nesu.","toxic","ableist","3","chirema"
"Ngatidzinge mabvakure ese ari kutigarira munyika medu.","toxic","ethnic_hate","3","mabvakure"
"Tiri vanhu vamwe chete muZimbabwe, ngatidanane.","non-toxic","benign_conversational","0","vanhu"
"Munhu wese ane kodzero dzekuremekedzwa pasinei nerudzi rwake.","non-toxic","benign_conversational","0","kodzero"
"Tinofanira kuremekedza vanhu vese pasinei nekwavakabva.","non-toxic","benign_conversational","0","kuremekedza"
"VaKaranga, vaZezuru, vaManyika nevaNdau tese tiri vanhu vamwe veZimbabwe.","non-toxic","benign_conversational","0","rudzi"
"Vaeni vanofanira kugamuchirwa zvakanaka pese pavanosvika.","non-toxic","benign_conversational","0","vaeni"
"Munhu ane chirema anofanira kubatsirwa kwete kushorwa.","non-toxic","benign_conversational","0","chirema"
"Vanhu vane utano hwakasiyana vanofanira kuwirirana zvakanaka.","non-toxic","benign_conversational","0","utano"
"Takadzidza nezve ngano dzevaroyi muchikoro.","non-toxic","literal_or_metalinguistic","0","muroyi"
"Sabhuku vedu vanobva kuManyika asi vanoremekedzwa nevanhu vese vedunhu.","non-toxic","benign_conversational","0","rudzi"
"Musangano wedu unogamuchira munhu wese pasinei nerudzi kana nyika yaanobva.","non-toxic","benign_conversational","0","rudzi"
"Ngano dzedu dzinorondedzera nezvekushandisana kwevanhu verudzi rwakasiyana.","non-toxic","benign_conversational","0","rudzi"
"Munin'ina wangu ane chirema, asi anoshanda zvakanyanya kudarika vamwe.","non-toxic","literal_or_metalinguistic","0","chirema"
"Uyu munhu imboko chaiyo haana zvaanoziva.","toxic","insult","2","mboko"
"Iwe uri mboko rinofamba pasina musoro.","toxic","insult","2","mboko"
"Madhara embavha aya anongoba chete.","toxic","insult","2","madhara"
"Hure remunhu risinganyare.","toxic","sexual_slur","4","hure"
"Uri chifeve chaicho, hauna hunhu.","toxic","sexual_slur","4","chifeve"
"Marara emunhu arikungotaura zvisina basa.","toxic","dehumanising","3","marara"
"Zvimbwanana zvavanhu zvisina pfungwa.","toxic","animal","2","mbwa"
"Uri imbwa isina maturo yemunhu.","toxic","animal","3","imbwa"
"Uri benzi risingafunge nezve ramangwana.","toxic","insult","2","benzi"
"Iwe uri mbavha yakaba mari yebasa.","toxic","accusation","2","mbavha"
"Uri muroyi chaiye, ndiwe wakauraya mwana.","toxic","insult","4","muroyi"
"Munhu uyu haana musoro, anongotaura hupenzi husingaperi.","toxic","insult","2","musoro"
"Uri gonzo remunhu rinovandira mari yevamwe.","toxic","animal","3","gonzo"
"Mbudzi yemunhu, unongoita zvekuzvidira nyadzi.","toxic","animal","2","mbudzi"
"Iwe uri chimbwido chisina basa muhupenyu.","toxic","insult","2","chimbwido"
"Mudhara uyu haachine musoro, ave kuita zvehupenzi chete.","toxic","insult","2","musoro"
"Zvauri kuita izvi zvinoratidza kuti hauna mangwanani ako.","toxic","insult","1","mangwanani"
"Uri zimbwanana risina maturo kubva pakuzvarwa.","toxic","animal","2","zimbwanana"
"Ndeyako mboko, hauzivi kunyange zvekutaura zvakanaka.","toxic","insult","2","mboko"
"Iwe hauna njere, unongoita zvinhu zvinonyadzisa mhuri yako.","toxic","insult","2","njere"
"Wakazvarwa uri benzi, hazvisi zvekuti wakadzidza kuita saizvozvo.","toxic","insult","3","benzi"
"Iwe uri mafirakufa, hapana zvaunobatsira munhu.","toxic","dehumanising","3","mafirakufa"
"Uri chimbwasungata chisina hunhu.","toxic","insult","2","chimbwasungata"
"Mbavha yakaita seyako haisi yekuvimbwa nayo.","toxic","accusation","2","mbavha"
"Zvauri kutaura zvinoratidza kuti hauna ruzivo rwakakwana.","toxic","insult","1","ruzivo"
"Uri mhandu yevanhu vese vanokuziva.","toxic","insult","2","mhandu"
"Uri dununu risina zano, unongokanganisa zvinhu.","toxic","insult","2","dununu"
"Iwe une hunhu hwakaipa hwakadzidziswa nemhuri yako.","toxic","character_attack","2","hunhu"
"Uri chidhakwa chisingazivi zvachiri kuita.","toxic","insult","2","chidhakwa"
"Iwe uri gudo rinofamba semunhu, asi hauna njere dzemunhu.","toxic","dehumanising","3","gudo"
"Mudhara uyu ane moyo wakanaka zvikuru.","non-toxic","benign_conversational","0","moyo"
"Mbinga iyi inobatsira vanoshaya.","non-toxic","benign_conversational","0","mbinga"
"Basa riri kufamba bhoo chose nhasi.","non-toxic","benign_conversational","0","bhoo"
"Ndeipi shamwari, zviri nani here?","non-toxic","benign_conversational","0","ndeipi"
"Sahwira wangu akandibatsira zvikuru pabasa nhasi.","non-toxic","benign_conversational","0","sahwira"
"Mukoma wangu akauya kuzondiona kuchikoro.","non-toxic","benign_conversational","0","mukoma"
"Mhani, zvauri kutaura zviri right chose.","non-toxic","benign_conversational","0","mhani"
"Vasikana vari kutamba zvinonakidza pamusika.","non-toxic","benign_conversational","0","vasikana"
"Ndiri kuenda kunodhonza mari kubhengi mangwana.","non-toxic","benign_conversational","0","kudhonza"
"Mudhara vari kutaura nyaya dzekare dzinodzidzisa.","non-toxic","benign_conversational","0","mudhara"
"Jaya iri rinoshanda zvakanyanya kumusha kwaro.","non-toxic","benign_conversational","0","jaya"
"Mafirakufa haasi zita rinofanira kunzi kumunhu, ndakangoshandisa senge zita rechikwata.","non-toxic","literal_or_metalinguistic","0","mafirakufa"
"Vabereki vedu vanoda kuti tishande zvakanyanya kuti tibudirire.","non-toxic","benign_conversational","0","kushanda"
"Chikwata chedu chakakunda mumakwikwi ezuro.","non-toxic","benign_conversational","0","chikwata"
"Ndinofara nekuwana basa idzva iri pedyo nemusha.","non-toxic","benign_conversational","0","basa"
"Handina kumbobvira ndaona mbavha ichivandudza zvakadai.","non-toxic","literal_or_metalinguistic","0","mbavha"
"Gonzo rakapinda mumba manheru ano tikaribata neshiri.","non-toxic","literal_or_metalinguistic","0","gonzo"
"Mbudzi dzemumusha dzakabuda dzichidya uswa.","non-toxic","literal_or_metalinguistic","0","mbudzi"
"Vanhu vanofanira kuremekedzana pasinei nemari yavanayo.","non-toxic","benign_conversational","0","mari"
"Nyaya yacho yakanaka, ndinotenda nekundiudza.","non-toxic","benign_conversational","0","nyaya"
"This guy is a muroyi chaiye, he ruined everything.","toxic","insult","3","muroyi"
"Stop behaving like a benzi and think properly.","toxic","insult","2","benzi"
"You are such an idiot remunhu.","toxic","insult","2","idiot"
"I will deal nawe zvekuti you will cry.","toxic","threat","3","kudeal"
"This person is a complete mboko, so embarrassing.","toxic","insult","2","mboko"
"You are behaving like a real hure, have some shame.","toxic","sexual_slur","4","hure"
"Why are you acting like a mbavha, just give back the money.","toxic","accusation","2","mbavha"
"I swear tichakupisa imba yako if you try that again.","toxic","threat","3","kupisa"
"This foreigner mubvakure should just go back kunyika yake.","toxic","ethnic_hate","3","mubvakure"
"You dress like a chimbwido and talk trash all day.","toxic","insult","2","chimbwido"
"He is a total marara, nobody respects him anymore.","toxic","dehumanising","2","marara"
"Ndichakurova if you disrespect me again in public.","toxic","threat","2","kurova"
"Thanks shamwari for the quick delivery.","non-toxic","benign_conversational","0","thanks"
"That was a great presentation yamaita nhasi.","non-toxic","benign_conversational","0","presentation"
"Happy birthday mukoma wangu, enjoy your day.","non-toxic","benign_conversational","0","birthday"
"See you later shamwari, take care on the road.","non-toxic","benign_conversational","0","shamwari"
"This meeting yataita yanga yakanaka chose today.","non-toxic","benign_conversational","0","meeting"
"I really appreciate the help wamandiitira nhasi.","non-toxic","benign_conversational","0","help"
"Congratulations on your new job, zvakanaka chose.","non-toxic","benign_conversational","0","job"
"Can you please send me the report mangwana?","non-toxic","benign_conversational","0","report"
"My mudhara is coming to visit this weekend.","non-toxic","benign_conversational","0","mudhara"
"That soccer match yanga iri intense chaizvo.","non-toxic","benign_conversational","0","match"
"Handisati ndaizotongodana mumwe munhu kuti mupanduki nemhaka yekutaura kwake.","non-toxic","benign_conversational","0","mupanduki"
"Mushumo wacho wakataura mashoko akanaka pamusoro pehurumende.","non-toxic","benign_conversational","0","mushumo"
"Munhu wese ane kodzero yekutaura zvaanofunga zvakanaka.","non-toxic","benign_conversational","0","kodzero"
"Sarudzo dzinofanira kuitwa nevanhu vese pasinei nezvinodiwa nemunhu mumwe.","non-toxic","benign_conversational","0","sarudzo"
"Muridzi wemusika akatengesa michero yakanaka nhasi.","non-toxic","benign_conversational","0","michero"
"Chikwata chevechidiki chakabatana kuvaka chikoro chitsva.","non-toxic","benign_conversational","0","chikoro"
"Nyaya yekutonga nyika inoda kutaurwa nevanhu vese pasinei nerudzi.","non-toxic","benign_conversational","0","rudzi"
"Zvido zvevanhu zvinofanira kuremekedzwa muhurumende yakanaka.","non-toxic","benign_conversational","0","zvido"
"Mudzidzisi akarudzira vana kuti vashande nesimba pachikoro.","non-toxic","benign_conversational","0","mudzidzisi"
"Chikoro chedu chakawana mubairo wekutanga mumakwikwi enyika.","non-toxic","benign_conversational","0","chikoro"
"Uri mbudzi yemunhu, hauzivi kuita chinhu chinobatsira.","toxic","animal","2","mbudzi"
"Chimbwasungata ichi chakaipa senge baba varo.","toxic","character_attack","2","chimbwasungata"
"Amai vako vakakuberekera hunhu hwakashata kudai here?","toxic","maternal_insult","3","amai"
"Amai vako havana kukudzidzisa hunhu here iwe?","toxic","maternal_insult","2","amai"
"Baba vako vakakuberekera senge chikara, hauzivi kubata vanhu.","toxic","maternal_insult","3","baba"
"Mari yaunayo yakabiwa, uri mbavha yepachena.","toxic","accusation","2","mbavha"
"Zvaunotaura zvinoratidza kuti une pfungwa dzakashata.","toxic","character_attack","2","pfungwa"
"Iwe uri chikara chisingazivi kunzwira vanhu tsitsi.","toxic","dehumanising","3","chikara"
"Vanhu vanokuziva vanoti uri gororo risina moyo.","toxic","accusation","3","gororo"
"Uri sope, ibva pano usatiodza zvako.","toxic","ableist","4","sope"
"Munhu haafaniri kuparadzana nemhuri yake nekuda kwemari.","non-toxic","benign_conversational","0","kuparadza"
"Amai vangu vakandidzidzisa hunhu hwakanaka kubva ndichiri mudiki.","non-toxic","benign_conversational","0","amai"
"Baba vangu vanoshanda zvakanyanya kuti vachengete mhuri yavo.","non-toxic","benign_conversational","0","baba"
"Gororo rakabatwa nemapurisa nezuro manheru.","non-toxic","literal_or_metalinguistic","0","gororo"
"Chikara chakaonekwa chichifamba pedyo nemusha usiku.","non-toxic","literal_or_metalinguistic","0","chikara"
"Ndinoda kuziva kuti nyaya iyi yakaperera papi.","non-toxic","benign_conversational","0","nyaya"
"Amai nababa vanofanira kuremekedzwa nevana vavo vese.","non-toxic","benign_conversational","0","amai"
"Chihure hachisi hunhu hwakanaka, tinofanira kudzidzisa vana kuremekedza vamwe.","non-toxic","literal_or_metalinguistic","0","chihure"
"Uri chibhende chinongoda kuita mhirizhonga pese pawaenda.","toxic","character_attack","2","chibhende"
"Iwe une manomano akaipa, hauvimbwe newe nekuda kwezvauri kuita.","toxic","character_attack","2","manomano"
"Zvaunoita zvinoratidza kuti une mweya wakaipa chaiwo.","toxic","character_attack","2","mweya"
"Uri munhu asina tsitsi, unofarira kuona vamwe vachitambura.","toxic","character_attack","3","tsitsi"
"Vanhu vekwenyu vanongonyengedza vamwe vasingazivi.","toxic","ethnic_hate","2","rudzi"
"Musha wenyu unozivikanwa nekuba, hamuna chimwe chamunoziva.","toxic","ethnic_hate","2","musha"
"Vanhu venyu havafaniri kuvimbwa nazvo pamabasa akakosha.","toxic","ethnic_hate","2","rudzi"
"Mweya wakanaka unobva pakugara zvakanaka nevamwe vanhu.","non-toxic","benign_conversational","0","mweya"
"Munhu ane tsitsi anoona zvinodiwa nevamwe vanhu.","non-toxic","benign_conversational","0","tsitsi"
"Musha wedu unozivikanwa nekushanda nesimba nekubatana.","non-toxic","benign_conversational","0","musha"
"Ndichakurwadzisa zvekuti hauzomboyeuki zuva rekuzvarwa kwako.","toxic","threat","3","kurwadzisa"
"Tichakukuvadza zvekuti unopedza upenyu hwako uri muchipatara.","toxic","threat","4","kukuvadza"
"Ndichakudzvanya semuchero unenge waora ukaramba uchiuya pano.","toxic","threat","3","kudzvanya"
"Tichakupwanya mapfupa ako ese ukasadzoka mangwana.","toxic","threat","4","kupwanya"
"Ndichakuchekacheka nebanga rangu ndikakuwana uri wega.","toxic","threat","4","kutema"
"Vachakutyisidzira kusvika waregerera zvese zvawakaita.","toxic","threat","2","kutyisidzira"
"Ndichakudzvinyirira kusvika waziva kuti ndiani ane simba pano.","toxic","threat","2","kudzvinyirira"
"Uchapinda mumba usisina simba rekumira nekuda kwezvandichakuitira.","toxic","threat","3","simba"
"Tichakupa nhamo isingaperi kana ukaramba uchitiitira izvi.","toxic","threat","2","nhamo"
"Ndichakubata ndokukusiya usisina zita pakati pevanhu.","toxic","threat","2","zita"
"Kana ndikakuwana ndega, uchayeuka zuva iri upenyu hwako hwese.","toxic","threat","3","kuyeuka"
"Ndichauya nemapoka evanhu tikuparadze zvachose.","toxic","threat","3","kuparadza"
"Tichakutungamidza kudanho rekufa ukaramba uchidaro.","toxic","threat","4","kufa"
"Ndichakuridza zvekuti uchakumbira ruregerero pamberi pevanhu vese.","toxic","threat","2","kuridza"
"Muchafa mumba menyu manheru ano kana musina kubuda ikozvino.","toxic","threat","4","kufa"
"Ndichakuvhiringa upenyu hwako kusvika hwaparara zvachose.","toxic","threat","3","kuvhiringa"
"Tichakutsvaga kusvika kumagumo enyika kana ukatiza.","toxic","threat","3","kutsvaga"
"Ndichauya nepfuti mangwana, chizvigadzirira.","toxic","threat","4","pfuti"
"Uchafa nenzira inorwadza kana ukaramba usina kundibhadhara.","toxic","threat","4","kufa"
"Ndichakupa chirango chausati wamboona muhupenyu hwako.","toxic","threat","2","chirango"
"Vana vako vachaona nhamo kana iwe ukaramba uchitiitira izvi.","toxic","threat","3","nhamo"
"Ndichakuuraya newe rudo rwako rwenhema.","toxic","threat","4","kuuraya"
"Tichakupisa nzvimbo yese yaunoshandira, hauchazove nechinhu.","toxic","threat","3","kupisa"
"Ndichakubaya nechinondo ukaramba uchindikoshora.","toxic","threat","4","chinondo"
"Uchafa uchidya ivhu kana ukaramba uchinditsvinyira.","toxic","threat","4","kufa"
"Ndichakutema muviri wako wese kusvika waregerera.","toxic","threat","3","kutema"
"Kana ndikakuwana panzvimbo ino zvakare, hauchazobviimo uri mupenyu.","toxic","threat","4","kufa"
"Ndichauraya mhuka dzako dzese kutanga, ndozouya kwauri.","toxic","threat","3","kuuraya"
"Ticharwisa musha wenyu wese kusvika mapedzisira kutidzvinyirira.","toxic","threat","2","kurwisa"
"Ndakakuudza, uchaona moto usati wamboona muhupenyu hwako.","toxic","threat","3","moto"
"Uchayeuka zuva rauchandiona ndega musango.","toxic","threat","3","kuyeuka"
"Handikuregereri, ndichakutsvaga kusvika ndakuwana chero uri kupi.","toxic","threat","3","kutsvaga"
"Ndichauya ndega ndichizokupfura mumakumbo kuti usachamboita mhirizhonga.","toxic","threat","4","kupfura"
"Vanhu vebofu havafaniri kutungamira vanhu vane utano hwakakwana.","toxic","ableist","3","bofu"
"Matsi haafaniri kupihwa basa rinoda kunzwa mirairo.","toxic","ableist","3","matsi"
"Havana kudzidza zvekutonga vaKorekore ava, unenge uchivaziva.","toxic","ethnic_hate","2","rudzi"
"Kungozvitutumadza ndiko kwavanoita vaKalanga, hapana chavanobatsira nazvo.","toxic","ethnic_hate","2","rudzi"
"Vanhu verudzi urwu havafaniri kupihwa zvigaro muhurumende.","toxic","ethnic_hate","2","rudzi"
"Vanhu vokune imwe nyika havafaniri kuwana mabasa kunze kwevemuno.","toxic","ethnic_hate","2","vatorwa"
"Vamwe vatorwa vari kuparadza tsika dzedu dzekare dzaisiri dzavo.","toxic","ethnic_hate","3","vatorwa"
"Rudzi rwavo rwuri kuparadza nyika, ngavabvepo vaende kunyika dzavo.","toxic","ethnic_hate","3","rudzi"
"Bofu iri harifaniri kufamba roga munzira dzine vanhu vakawanda.","toxic","ableist","2","bofu"
"Vanhu venyika iyi vanofunga kuti tese vanhu vekune dzimwe nyika mbavha.","toxic","ethnic_hate","2","vatorwa"
"Musope uyu haakwanisi kuita chinhu chakanaka muhupenyu hwake.","toxic","ableist","4","musope"
"Chimumumu ichi chinofanira kugara chiri chega, hachina zvachinobatsira.","toxic","ableist","3","chimumumu"
"Rudzi rwedu haufaniri kusanganiswa nerwavo, vanotitadzisa kubudirira.","toxic","ethnic_hate","3","rudzi"
"Vanhu vane utsanana hunosiyana nehwedu havafaniri kutonga nyika ino.","toxic","ethnic_hate","3","utsanana"
"Vamwe vatorwa vanongouya kuzoroora vanasikana vedu vachivaparadza.","toxic","ethnic_hate","3","vatorwa"
"Kuzvikudza kwavo vaManyika hakuna basa nemaitiro avanoita kune vamwe.","toxic","ethnic_hate","2","rudzi"
"Ngatirambe tichivenga vatorwa vari kuuya kuzotitorera zvinhu zvedu.","toxic","ethnic_hate","3","vatorwa"
"Chinja hako mafungiro, iwe unotaura shit chaiyo.","toxic","profanity","2","shit"
"Iwe uri fool chaiyo, unotaura hupenzi husingaperi.","toxic","profanity","2","fool"
"Ndeyako damn nonsense, hauzivi zvaunotaura.","toxic","profanity","2","damn"
"Bloody hell, unotaura zvisina musoro zvachose.","toxic","profanity","2","bloody"
"Hako kani, wakapenga here, unotaura crap chaiyo.","toxic","profanity","2","crap"
"Iwe uri asshole chaiyo, hauna hunhu zvachose.","toxic","profanity","3","asshole"
"Shut up, unotaura zvisina basa nguva dzese.","toxic","profanity","2","shut"
"Uri idiot chaiye, hauzivi kunyange zvekutaura zvakanaka.","toxic","profanity","2","idiot"
"Iwe une hunhu hwakashata, unofanira kunyara nazvo.","toxic","profanity","1","hunhu"
"Ndeipi nonsense yauri kutaura apa, chinyarara hako.","toxic","profanity","1","nonsense"
"Zvauri kutaura zvakaipa chaizvo, unofanira kunyara.","toxic","profanity","1","zvakaipa"
"Iwe unotaura trash chaiyo, hapana chinhu chakanaka chaunotaura.","toxic","profanity","2","trash"
"Uri mbwa yemunhu inongohukura pasina musoro.","toxic","sexual_vulgar","2","mbwa"
"Iwe une beche remuromo, hauzivi kunyarara.","toxic","sexual_vulgar","3","beche"
"Ndichakubhinya ukaramba uchindida zvausingadi.","toxic","threat","4","kubhinya"
"Mubhinya uyu haafaniri kufamba pakati pevanhu vasina mhosva.","toxic","accusation","4","mubhinya"
"Munhu anoita zvekubhinya vamwe anofanira kupihwa mutongo unorema.","non-toxic","literal_or_metalinguistic","0","kubhinya"
"Kukwira kwake nemunhu asingadi kunonzi kubhinya.","non-toxic","literal_or_metalinguistic","0","kukwira"
"Iwe une pfungwa dzakashata dzekungoda kubata vanhu nechisimba.","toxic","character_attack","3","pfungwa"
"Uri chikara chinoda kuparadza vasikana vasina simba rekuzvidzivirira.","toxic","dehumanising","4","chikara"
"Bofu haringaonde kuti riri kufamba kunorwadza.","non-toxic","literal_or_metalinguistic","0","bofu"
"Munin'ina wangu ari matsi asi anodzidza zvakanaka pachikoro chekunzwa nemaoko.","non-toxic","literal_or_metalinguistic","0","matsi"
"VaKorekore vane tsika dzakanaka dzekugara nevamwe vanhu.","non-toxic","benign_conversational","0","rudzi"
"VaKalanga vanozivikanwa nekushanda nesimba kumigodhi.","non-toxic","benign_conversational","0","rudzi"
"Vaeni vekune dzimwe nyika vanobatsira nyika yedu nemabasa avo.","non-toxic","benign_conversational","0","vatorwa"
"Mapurisa akasunga mubhinya akanga achiparadzira vasikana venharaunda.","non-toxic","literal_or_metalinguistic","0","mubhinya"
"Mapurisa akasunga mbavha dzaipaza dzimba.","non-toxic","literal_or_metalinguistic","0","mbavha"
"Chirango chevana chinofanira kudzidzisa kwete kurwadzisa.","non-toxic","benign_conversational","0","chirango"
"Nhamo yakawira mhuri yedu yakatidzidzisa kubatana zvakanyanya.","non-toxic","benign_conversational","0","nhamo"
"Simba rakawanda rinodiwa kuti tivake nyika yakanaka.","non-toxic","benign_conversational","0","simba"
"Chinondo chekare chaisetswa nemadzitateguru edu chinoratidzwa mumuseum.","non-toxic","literal_or_metalinguistic","0","chinondo"
"Moto wekutanga waibatidzwa nemadzitateguru edu vasati vaziva zvekusetswa magetsi.","non-toxic","literal_or_metalinguistic","0","moto"
"Kuridza mbira kunonakidza pamitambo yechinyakare.","non-toxic","literal_or_metalinguistic","0","kuridza"
"Imbwa yemusha inorinda zvombo zvedu usiku.","non-toxic","literal_or_metalinguistic","0","imbwa"
"Vanachiremba vanorapa vanhu vane matambudziko epfungwa netsitsi, havafanirwi kunzi mabenzi.","non-toxic","literal_or_metalinguistic","0","benzi"
"Munhu ane albinism anofanira kudzivirirwa kubva kuzuva, kwete kunzi sope zvinozvidza.","non-toxic","literal_or_metalinguistic","0","sope"
"Havadi kuona rudzi rwedu ruchibudirira, ndosaka vachingotitadzisa.",toxic,ethnic_hate,2,rudzi
"Vamwe vanhu vanofunga kuti rudzi rwavo ndirwo rwakasikwa kutonga vamwe.",toxic,ethnic_hate,3,rudzi
"Kutaura chirungu zvakanaka hakusi kuti wava murungu, iwe uchiri wenhando.",toxic,ethnic_hate,2,murungu
"Vatorwa ava vanofanira kudzingwa venyika ino nekuti havana zvavanobatsira.",toxic,ethnic_hate,3,vatorwa
"Ngatisatengesere mabasa edu kuvanhu vasiri vekwedu.",toxic,ethnic_hate,2,vatorwa
"Rudzi rwavo runozivikanwa nekuita huwori pese pavanoenda.",toxic,ethnic_hate,3,rudzi
"VaNdau havafaniri kutungamira nyika, havana ruzivo rwakakwana.",toxic,ethnic_hate,2,rudzi
"Vanhu vekumusha uku havafaniri kuvimbwa nemabasa makuru eguta.",toxic,ethnic_hate,2,kumaruwa
"Mhando yerudzi urwu haizivi kubata mari zvakanaka, vanongoparadza chete.",toxic,ethnic_hate,2,rudzi
"Havafi vakabudirira ava, rudzi rwavo runozivikanwa nekukanganisa zvinhu.",toxic,ethnic_hate,2,rudzi
"Tinofanira kuremekedza tsika dzevamwe vanhu pasinei nekuti vanobva kupi.",non-toxic,benign_conversational,0,tsika
"Kudzidza mitauro yevamwe vanhu kunowedzera ruzivo rwedu.",non-toxic,benign_conversational,0,mitauro
"Murungu neMutema vanogona kushanda pamwe chete zvakanaka.",non-toxic,benign_conversational,0,murungu
"Vashandi vanobva kunyika dzakasiyana vanobatsirana pabasa redu.",non-toxic,benign_conversational,0,vatorwa
"Nyika inobudirira kana vanhu vayo vachibatana pasinei nerudzi.",non-toxic,benign_conversational,0,rudzi
"Uri murombo asina zano, unongoda kudya zvevamwe.",toxic,insult,2,murombo
"Majita aya haana zvaanoita, vanongodhakwa zuva nezuva.",toxic,insult,2,majita
"Uri chikwata chemunhu, hapana chaunobatsira musangano uno.",toxic,insult,2,chikwata
"Zvauri kuita zvinoratidza kuti uri zimbudzana risina musoro.",toxic,insult,2,zimbudzana
"Mbinga dzenhema idzi dzinongozvirumbidza pasina chadzinacho.",toxic,insult,2,mbinga
"Uri gochi rinofamba pasina zano remuhupenyu.",toxic,insult,2,gochi
"Vasikana venyu vanoita zvechimbwido pasina kunyara.",toxic,sexual_slur,3,chimbwido
"Iwe hausi majita, uri mboko chaiyo inotadza kutaura zvine musoro.",toxic,insult,2,mboko
"Mudhara uyu haasi shasha, ari kungoita zvekutaridza chete.",toxic,insult,1,mudhara
"Chikwata ichi chizere nemarara asina zvachinobatsira mudunhu.",toxic,dehumanising,2,marara
"Ndeipi majita, tirikuita sei nhasi?",non-toxic,benign_conversational,0,majita
"Murombo haasi munhu akaipa, ndiye asina mari chete.",non-toxic,benign_conversational,0,murombo
"Shasha yepabasa iyi inoshanda zvakanyanya kudarika vamwe.",non-toxic,benign_conversational,0,shasha
"Musika uno une zvinhu zvakanaka zvakawanda nhasi.",non-toxic,benign_conversational,0,musika
"Chikwata chedu chinoshanda nekubatana kuti tibudirire.",non-toxic,benign_conversational,0,chikwata
"You are just a murombo trying to act rich, so fake.",toxic,insult,2,murombo
"This mbinga is all talk, no action whatsoever.",toxic,insult,2,mbinga
"Stop acting like a chimbwido, have some dignity.",toxic,sexual_slur,3,chimbwido
"These majita are useless, vanongodhakwa the whole day.",toxic,insult,2,majita
"You foreigners mabvakure need to leave our jobs alone.",toxic,ethnic_hate,3,mabvakure
"I will find you nemhuri yako and finish this once and for all.",toxic,threat,4,kuparadza
"That mudhara over there is such a legend, respect chaiyo.",non-toxic,benign_conversational,0,mudhara
"Great hustle shamwari, that mbinga energy is inspiring.",non-toxic,benign_conversational,0,mbinga
"Our chikwata worked so well together on this project.",non-toxic,benign_conversational,0,chikwata
"Ndeipi guys, hope the weekend is treating you well.",non-toxic,benign_conversational,0,ndeipi
